Date,Open,High,Low,Close,Volume,Adj Close,rsi,quarter,year
2012-01-03,34.580002,34.599998,34.07,34.279999,352200,32.540198,,1,2012
2012-01-04,34.259998,34.720001,33.860001,34.139999,287300,32.407304,,1,2012
2012-01-05,33.799999,34.009998,33.369999,33.73,604900,32.018113,,1,2012
2012-01-06,33.720001,34.099998,33.48,33.889999,418200,32.169992,,1,2012
2012-01-09,33.900002,34.169998,33.209999,33.529999,559500,31.828263,,1,2012
2012-01-10,33.900002,34.549999,33.900002,34.490002,416700,32.739543,,1,2012
2012-01-11,31.620001,31.620001,29.440001,30.5,2457000,28.952044,,1,2012
2012-01-12,30.540001,30.68,29.959999,30.120001,1449000,28.591331,,1,2012
2012-01-13,29.959999,30.16,29.780001,30.09,2246400,28.562853,,1,2012
2012-01-17,30.34,30.6,29.75,29.82,626200,28.306556,,1,2012
2012-01-18,29.799999,30.040001,29.549999,29.969999,674300,28.448943,,1,2012
2012-01-19,29.99,31.01,29.91,30.76,674900,29.198849,,1,2012
2012-01-20,30.68,30.969999,30.68,30.860001,434600,29.293774,,1,2012
2012-01-23,30.82,31.0,30.43,30.790001,406700,29.227327,,1,2012
2012-01-24,30.59,30.879999,30.26,30.75,459400,29.189356,27.5159442353,1,2012
2012-01-25,30.799999,31.690001,30.780001,31.57,315100,29.967739,34.8454315474,1,2012
2012-01-26,30.530001,32.75,30.4,32.630001,822900,30.973942,42.8854138816,1,2012
2012-01-27,32.490002,33.360001,32.48,33.200001,474300,31.515013,46.6946210262,1,2012
2012-01-30,32.75,33.450001,32.5,33.139999,607300,31.458057,46.3442298725,1,2012
2012-01-31,33.43,33.619999,32.630001,33.009998,800000,31.334654,45.5467592753,1,2012
2012-02-01,33.23,34.150002,33.02,33.91,495000,32.188978,51.7383564082,1,2012
2012-02-02,34.029999,34.169998,33.75,34.02,473000,32.293396,52.4500070785,1,2012
2012-02-03,34.34,35.040001,34.25,35.040001,523200,33.261628,58.5530457405,1,2012
2012-02-06,34.810001,34.810001,34.259998,34.369999,377500,32.625631,53.6793004296,1,2012
2012-02-07,34.119999,34.549999,33.880001,34.400002,365600,32.654111,53.8644907401,1,2012
2012-02-08,34.330002,34.68,34.240002,34.27,450200,32.530707,52.8780020224,1,2012
2012-02-09,34.459999,34.66,34.009998,34.389999,423600,32.644616,53.7205435191,1,2012
2012-02-10,34.060001,34.959999,33.98,34.849998,454100,33.081269,56.9017395868,1,2012
2012-02-13,35.060001,35.41,34.830002,34.950001,285200,33.176196,57.5843397842,1,2012
2012-02-14,34.75,35.150002,34.490002,35.119999,372000,33.337566,58.7795308159,1,2012
2012-02-15,35.27,35.34,34.650002,35.200001,494600,33.413508,59.3599071575,1,2012
2012-02-16,35.200001,35.75,34.959999,35.68,309300,33.869146,62.7488128075,1,2012
2012-02-17,35.709999,35.990002,35.369999,35.619999,377400,33.81219,62.0522400616,1,2012
2012-02-21,35.689999,35.98,35.200001,35.599998,454900,33.793205,61.8059499055,1,2012
2012-02-22,35.439999,35.790001,35.310001,35.610001,363200,33.802699,61.8874168231,1,2012
2012-02-23,35.549999,35.650002,35.189999,35.380001,242200,33.584373,58.7823331695,1,2012
2012-02-24,35.599998,35.720001,35.310001,35.459999,338000,33.660311,59.5426708923,1,2012
2012-02-27,35.240002,35.560001,34.630001,35.0,468700,33.223658,53.4383399749,1,2012
2012-02-28,35.110001,35.439999,34.709999,35.200001,420300,33.413508,55.5710632736,1,2012
2012-02-29,35.200001,35.200001,33.939999,33.970001,556400,32.245934,42.6366295154,1,2012
2012-03-01,34.209999,34.68,34.130001,34.459999,272000,32.711063,47.8446345262,1,2012
2012-03-02,34.380001,34.610001,34.02,34.18,251700,32.445275,45.3129714396,1,2012
2012-03-05,34.09,34.150002,33.5,33.810001,365200,32.094055,42.1397989539,1,2012
2012-03-06,33.540001,33.82,33.189999,33.310001,355900,31.619431,38.2424280732,1,2012
2012-03-07,33.360001,33.919998,33.360001,33.799999,185800,32.08456,43.7344268289,1,2012
2012-03-08,34.099998,34.25,33.580002,34.080002,191700,32.350352,46.6538462974,1,2012
2012-03-09,34.119999,34.990002,33.91,34.82,243400,33.052793,53.5180577021,1,2012
2012-03-12,34.830002,34.98,34.360001,34.490002,241500,32.739543,50.4033800263,1,2012
2012-03-13,34.790001,35.220001,34.529999,35.060001,365200,33.280614,55.2481344919,1,2012
2012-03-14,34.919998,35.259998,34.73,34.990002,227600,33.333011,55.6994349816,1,2012
2012-03-15,35.080002,35.68,34.889999,35.540001,261000,33.856964,60.0391388227,1,2012
2012-03-16,35.610001,36.130001,35.43,35.799999,368600,34.10465,61.9373463943,1,2012
2012-03-19,35.439999,35.939999,35.16,35.560001,254200,33.876017,59.1445103435,1,2012
2012-03-20,35.25,35.380001,35.040001,35.299999,180700,33.628328,56.1885851969,1,2012
2012-03-21,35.32,36.110001,35.049999,35.959999,314700,34.257073,61.4548344958,1,2012
2012-03-22,35.709999,35.709999,34.849998,35.360001,223700,33.685488,54.9842514518,1,2012
2012-03-23,35.209999,35.369999,34.369999,34.509998,400100,32.875738,47.3742532194,1,2012
2012-03-26,34.900002,35.02,33.630001,33.970001,1174500,32.361313,43.2764279294,1,2012
2012-03-27,34.0,34.009998,33.689999,33.880001,437000,32.275575,42.6148095234,1,2012
2012-03-28,33.900002,34.0,33.59,33.880001,328100,32.275575,42.6148095234,1,2012
2012-03-29,33.720001,33.860001,33.450001,33.490002,783000,31.904045,39.5742157948,1,2012
2012-03-30,33.779999,33.790001,33.330002,33.41,716100,31.827832,38.9601174117,1,2012
2012-04-02,33.41,34.080002,33.34,33.790001,572700,32.189837,43.448979645,2,2012
2012-04-03,33.810001,34.169998,33.709999,34.009998,706100,32.399416,45.9281790592,2,2012
2012-04-04,33.669998,33.880001,33.139999,33.209999,570700,31.637302,39.1984607247,2,2012
2012-04-05,33.169998,33.5,33.040001,33.130001,418800,31.561092,38.5895355664,2,2012
2012-04-09,32.73,32.91,32.59,32.75,345900,31.199087,35.7487221052,2,2012
2012-04-10,32.740002,32.84,31.639999,31.66,382600,30.160705,29.1254440677,2,2012
2012-04-11,32.0,32.049999,31.73,31.9,397100,30.389339,32.1080711624,2,2012
2012-04-12,31.790001,32.450001,31.790001,32.310001,305500,30.779925,36.9867374823,2,2012
2012-04-13,32.220001,32.220001,31.33,31.4,264400,29.913017,31.5650927145,2,2012
2012-04-16,31.440001,31.77,31.17,31.49,374700,29.998755,32.6171023986,2,2012
2012-04-17,31.76,31.99,31.200001,31.35,1091400,29.865386,31.7982391952,2,2012
2012-04-18,31.26,31.6,31.200001,31.4,442100,29.913017,32.4504796565,2,2012
2012-04-19,31.48,31.969999,31.35,31.68,331800,30.179758,36.1340284843,2,2012
2012-04-20,31.790001,32.169998,31.74,32.02,542900,30.503657,40.3851464683,2,2012
2012-04-23,31.639999,31.799999,31.139999,31.58,351900,30.084493,36.9567830804,2,2012
2012-04-24,31.549999,31.66,31.08,31.08,631700,29.608171,33.4787350529,2,2012
2012-04-25,31.450001,31.84,30.93,31.290001,1268100,29.808228,36.1947707993,2,2012
2012-04-26,31.360001,32.509998,31.360001,32.360001,1211600,30.827556,47.8731231241,2,2012
2012-04-27,32.389999,33.049999,32.25,32.799999,716800,31.246718,51.781459996,2,2012
2012-04-30,32.720001,32.75,32.279999,32.450001,441300,30.913294,48.6563220068,2,2012
2012-05-01,32.490002,33.279999,32.470001,32.900002,601600,31.341985,52.6159911531,2,2012
2012-05-02,32.619999,33.0,32.470001,33.0,389500,31.437248,53.4746606677,2,2012
2012-05-03,33.0,33.189999,32.689999,32.889999,285300,31.332456,52.3508160805,2,2012
2012-05-04,32.630001,32.900002,32.220001,32.400002,279100,30.865663,47.5562760479,2,2012
2012-05-07,32.299999,32.560001,32.0,32.5,325900,30.960926,48.5910531334,2,2012
2012-05-08,32.23,32.799999,31.98,32.759998,369000,31.208612,51.2825842903,2,2012
2012-05-09,32.43,32.580002,32.169998,32.439999,299000,30.903766,47.9547903571,2,2012
2012-05-10,32.66,32.77,32.450001,32.529999,262500,30.989504,48.9580000893,2,2012
2012-05-11,32.330002,32.669998,32.279999,32.380001,550000,30.84661,47.3208487481,2,2012
2012-05-14,31.98,32.400002,31.98,32.119999,288700,30.59892,44.5404991793,2,2012
2012-05-15,32.040001,32.110001,31.52,31.66,377900,30.160705,40.0563347043,2,2012
2012-05-16,31.809999,31.879999,31.4,31.43,359100,29.941597,37.9965298934,2,2012
2012-05-17,31.52,31.75,30.4,30.4,246000,28.960373,30.4459681896,2,2012
2012-05-18,30.549999,30.68,29.52,29.6,421900,28.198259,26.1066376952,2,2012
2012-05-21,29.790001,29.99,29.280001,29.940001,664700,28.522158,30.6317369545,2,2012
2012-05-22,29.940001,30.040001,29.209999,29.440001,366900,28.045836,27.9236046417,2,2012
2012-05-23,29.24,29.43,28.700001,29.379999,443000,27.988676,27.6081680241,2,2012
2012-05-24,29.4,29.68,29.32,29.639999,235000,28.236364,31.2332398832,2,2012
2012-05-25,29.610001,29.83,29.43,29.530001,140300,28.131574,30.5365389032,2,2012
2012-05-29,29.84,30.389999,29.690001,30.290001,254000,28.855584,40.4244949091,2,2012
2012-05-30,29.959999,30.049999,29.709999,29.84,319800,28.426893,37.0605672078,2,2012
2012-05-31,29.77,29.860001,29.219999,29.41,392800,28.017256,34.1372863646,2,2012
2012-06-01,28.82,29.120001,28.469999,28.73,507800,27.369458,30.0945826546,2,2012
2012-06-04,28.77,28.91,28.43,28.58,414900,27.226562,29.2711135407,2,2012
2012-06-05,28.379999,29.01,28.08,28.969999,375900,27.598092,34.3044228629,2,2012
2012-06-06,29.26,29.549999,29.049999,29.4,474600,28.007729,39.4230574027,2,2012
2012-06-07,29.799999,30.139999,29.290001,29.76,584500,28.350682,43.3991890648,2,2012
2012-06-08,29.76,30.67,29.51,30.610001,404100,29.160429,51.4946642617,2,2012
2012-06-11,30.860001,30.870001,30.1,30.17,611900,28.741266,47.6920363227,2,2012
2012-06-12,30.15,30.290001,29.559999,30.190001,345800,28.760319,47.8804391702,2,2012
2012-06-13,30.440001,31.139999,29.790001,30.76,440900,29.425158,54.0938279935,2,2012
2012-06-14,30.74,31.110001,30.52,30.799999,220600,29.463421,54.4305325173,2,2012
2012-06-15,30.870001,31.42,30.719999,31.049999,461400,29.702572,56.574417072,2,2012
2012-06-18,30.9,31.6,30.74,31.280001,468300,29.922593,58.5084493768,2,2012
2012-06-19,31.27,31.799999,31.17,31.59,441200,30.219139,61.0277836307,2,2012
2012-06-20,31.559999,31.67,31.1,31.18,378900,29.826932,56.1699965377,2,2012
2012-06-21,31.110001,31.309999,29.780001,29.99,864200,28.688572,44.9789817807,2,2012
2012-06-22,30.129999,30.43,30.0,30.0,1563600,28.698138,45.078007223,2,2012
2012-06-25,29.709999,29.709999,29.34,29.370001,454600,28.095478,40.1726028577,2,2012
2012-06-26,29.48,29.67,29.030001,29.120001,304700,27.856327,38.3874167075,2,2012
2012-06-27,29.190001,29.709999,28.610001,29.65,382500,28.363326,44.0625466844,2,2012
2012-06-28,29.42,29.99,29.16,29.65,444300,28.363326,44.0625466844,2,2012
2012-06-29,30.25,31.15,30.110001,30.85,393500,29.511252,54.9570892186,2,2012
2012-07-02,30.889999,31.26,30.66,31.15,335600,29.798233,57.2012861398,3,2012
2012-07-03,31.23,31.34,30.889999,31.309999,161300,29.95129,58.3919698318,3,2012
2012-07-05,31.33,31.83,31.16,31.5,653400,30.133045,59.8214489375,3,2012
2012-07-06,31.17,31.84,31.08,31.76,553400,30.381762,61.7576438937,3,2012
2012-07-09,31.700001,31.82,31.5,31.75,332400,30.372196,61.634620097,3,2012
2012-07-10,31.860001,31.98,31.389999,31.540001,361000,30.17131,58.9776313689,3,2012
2012-07-11,31.530001,31.67,31.24,31.51,399200,30.142611,58.5890488915,3,2012
2012-07-12,31.209999,31.540001,31.16,31.4,340700,30.037384,57.1034440814,3,2012
2012-07-13,31.5,31.99,31.450001,31.610001,278100,30.238272,59.2288937903,3,2012
2012-07-16,31.629999,31.629999,30.82,31.01,391400,29.664309,51.3936509018,3,2012
2012-07-17,31.219999,31.450001,30.99,31.43,212100,30.066083,55.8013363739,3,2012
2012-07-18,31.280001,32.330002,31.219999,32.16,288200,30.764404,62.2148585873,3,2012
2012-07-19,32.349998,32.689999,31.620001,31.75,440100,30.372196,57.1949992019,3,2012
2012-07-20,31.549999,31.59,31.280001,31.51,317400,30.142611,54.4266505365,3,2012
2012-07-23,30.889999,31.309999,30.84,31.07,287000,29.721705,49.6791684267,3,2012
2012-07-24,31.24,31.450001,30.950001,31.23,657000,29.874761,51.3412879985,3,2012
2012-07-25,31.35,31.860001,31.24,31.52,464500,30.152177,54.2884641672,3,2012
2012-07-26,29.0,29.610001,24.690001,25.799999,2501400,24.680398,23.7425054513,3,2012
2012-07-27,26.01,26.629999,25.02,26.51,943300,25.359588,29.076856575,3,2012
2012-07-30,26.41,26.57,26.24,26.24,793800,25.101304,28.2670696512,3,2012
2012-07-31,26.129999,26.549999,26.129999,26.15,682900,25.01521,27.9872720796,3,2012
2012-08-01,26.120001,26.32,26.0,26.02,429200,24.890852,27.5628742234,3,2012
2012-08-02,25.49,25.530001,25.049999,25.299999,832600,24.202096,25.2766999446,3,2012
2012-08-03,25.540001,26.24,25.33,25.9,620300,24.776059,30.4535211146,3,2012
2012-08-06,25.93,26.299999,25.709999,26.059999,430700,24.929115,31.8102018853,3,2012
2012-08-07,26.27,26.73,26.24,26.620001,336800,25.464815,36.4807099735,3,2012
2012-08-08,26.57,26.790001,26.280001,26.66,301000,25.503078,36.8136073256,3,2012
2012-08-09,26.67,27.09,26.4,26.969999,256100,25.799625,39.461705534,3,2012
2012-08-10,26.84,26.959999,26.620001,26.870001,276200,25.703966,38.8954321986,3,2012
2012-08-13,26.870001,26.870001,26.139999,26.379999,319600,25.235229,36.1574176629,3,2012
2012-08-14,26.52,26.75,25.940001,26.27,495000,25.130003,35.5523773615,3,2012
2012-08-15,26.440001,27.85,26.440001,27.700001,655100,26.497948,47.7848370558,3,2012
2012-08-16,27.620001,27.719999,26.93,27.27,558400,26.086608,45.0178409674,3,2012
2012-08-17,27.24,27.27,26.92,27.049999,556400,25.876154,43.6259529792,3,2012
2012-08-20,26.950001,27.16,26.879999,26.950001,407100,25.780495,42.9755324717,3,2012
2012-08-21,27.030001,27.469999,26.959999,27.040001,332200,25.866589,43.787823088,3,2012
2012-08-22,27.01,27.16,26.639999,26.68,354200,25.522211,41.2562682651,3,2012
2012-08-23,26.68,26.719999,26.32,26.33,338800,25.187399,38.9014874516,3,2012
2012-08-24,26.360001,26.780001,26.360001,26.620001,641600,25.464815,41.8624469614,3,2012
2012-08-27,26.75,27.129999,26.549999,26.889999,483100,25.723097,44.5564624144,3,2012
2012-08-28,26.75,27.33,26.540001,27.32,554300,26.134437,48.6384609894,3,2012
2012-08-29,27.299999,27.959999,27.299999,27.540001,391000,26.344892,50.6407796514,3,2012
2012-08-30,27.309999,27.719999,27.07,27.5,347900,26.306626,50.257133029,3,2012
2012-08-31,27.629999,28.040001,27.450001,27.73,467800,26.526645,52.4860011919,3,2012
2012-09-04,27.799999,28.58,27.75,28.43,524300,27.196269,58.5704261861,3,2012
2012-09-05,28.52,28.59,27.98,28.42,790600,27.186703,58.4552651289,3,2012
2012-09-06,28.540001,29.76,28.52,29.51,872400,28.229402,66.2458155388,3,2012
2012-09-07,29.51,29.65,29.15,29.25,446000,27.980685,63.2013590966,3,2012
2012-09-10,29.299999,29.450001,29.09,29.34,414500,28.066779,63.8211682022,3,2012
2012-09-11,29.280001,29.809999,29.280001,29.440001,679100,28.16244,64.5359302097,3,2012
2012-09-12,29.35,29.83,29.129999,29.690001,491400,28.522696,67.1666977493,3,2012
2012-09-13,29.690001,30.32,29.43,29.959999,729000,28.782079,68.9525083252,3,2012
2012-09-14,30.01,30.530001,29.959999,30.35,405500,29.156747,71.3744539178,3,2012
2012-09-17,30.309999,30.309999,29.459999,29.549999,492100,28.388199,60.8828494021,3,2012
2012-09-18,29.33,29.43,28.98,29.110001,551900,27.9655,56.0066276961,3,2012
2012-09-19,29.280001,29.93,29.040001,29.82,732500,28.647584,61.3815765818,3,2012
2012-09-20,29.66,29.799999,29.370001,29.4,312000,28.244097,56.9490633755,3,2012
2012-09-21,29.52,29.65,29.040001,29.049999,668800,27.907857,53.4830316785,3,2012
2012-09-24,29.08,29.34,28.74,29.07,400700,27.927071,53.6566065563,3,2012
2012-09-25,29.24,29.35,28.870001,29.0,500900,27.859824,52.9124350693,3,2012
2012-09-26,29.0,29.15,28.83,28.9,299800,27.763755,51.8069998302,3,2012
2012-09-27,28.98,29.360001,28.889999,29.26,370400,28.109602,55.4179463217,3,2012
2012-09-28,29.07,29.190001,28.82,29.059999,525800,27.917464,53.0402489398,3,2012
2012-10-01,29.07,29.299999,28.98,29.200001,439400,28.051961,54.5115163887,4,2012
2012-10-02,29.4,30.16,29.049999,30.16,611300,28.974217,63.0583572863,4,2012
2012-10-03,29.5,30.190001,29.0,30.17,1347200,28.983824,63.1360583411,4,2012
2012-10-04,30.18,30.48,29.969999,30.280001,554900,29.0895,64.0322426379,4,2012
2012-10-05,30.57,30.709999,30.379999,30.559999,564300,29.35849,66.279408826,4,2012
2012-10-08,30.459999,30.639999,30.360001,30.469999,271800,29.272028,64.8763304395,4,2012
2012-10-09,30.48,30.48,29.25,29.6,738500,28.436234,53.160987558,4,2012
2012-10-10,29.6,29.75,29.23,29.389999,775500,28.23449,50.7774307295,4,2012
2012-10-11,29.639999,29.99,29.5,29.84,501600,28.666798,55.3928800156,4,2012
2012-10-12,29.83,29.940001,29.139999,29.200001,472100,28.051961,48.4366321428,4,2012
2012-10-15,29.299999,29.68,29.139999,29.549999,497000,28.388199,51.9875943649,4,2012
2012-10-16,29.620001,29.809999,29.559999,29.6,466800,28.436234,52.4909521475,4,2012
2012-10-17,29.629999,30.360001,29.549999,29.700001,825200,28.532303,53.5400410696,4,2012
2012-10-18,29.74,29.74,28.940001,29.32,1264900,28.167242,49.1028369137,4,2012
2012-10-19,29.190001,29.51,28.77,28.879999,404900,27.744541,44.5036710956,4,2012
2012-10-22,29.01,29.02,28.459999,28.49,831100,27.369875,40.8513064852,4,2012
2012-10-23,28.219999,28.42,27.969999,28.0,766000,26.89914,36.7683959623,4,2012
2012-10-24,28.16,28.27,27.27,27.610001,1290300,26.524474,33.8670854442,4,2012
2012-10-25,28.440001,30.790001,27.870001,29.33,2090600,28.176849,51.8954007384,4,2012
2012-10-26,29.16,29.280001,28.370001,28.389999,888100,27.273806,44.7203187158,4,2012
2012-10-31,28.639999,28.639999,27.950001,28.09,594800,26.985602,42.6916229523,4,2012
2012-11-01,28.23,28.440001,28.120001,28.25,994200,27.139311,44.1468921995,4,2012
2012-11-02,28.42,28.629999,27.870001,27.870001,394700,26.774252,41.4544589819,4,2012
2012-11-05,27.91,27.969999,27.639999,27.870001,409800,26.774252,41.4544589819,4,2012
2012-11-06,27.99,28.17,27.75,27.82,1052500,26.726217,41.072200721,4,2012
2012-11-07,27.690001,27.700001,27.26,27.41,518800,26.332337,37.9795803819,4,2012
2012-11-08,27.42,27.52,27.049999,27.139999,462800,26.072952,36.0542691591,4,2012
2012-11-09,27.09,27.469999,26.99,27.309999,475000,26.236268,38.1792433362,4,2012
2012-11-12,27.379999,27.379999,26.9,27.120001,985700,26.05374,36.7109163824,4,2012
2012-11-13,26.93,27.219999,26.66,26.709999,455700,25.659858,33.6990580611,4,2012
2012-11-14,26.790001,26.98,26.290001,26.4,465900,25.362046,31.588810861,4,2012
2012-11-15,26.34,26.879999,26.34,26.860001,828300,25.803962,37.8118876695,4,2012
2012-11-16,26.84,26.91,26.299999,26.51,413800,25.467722,35.189002304,4,2012
2012-11-19,26.780001,27.07,26.700001,26.969999,356400,25.909636,40.9832773418,4,2012
2012-11-20,26.870001,26.940001,26.629999,26.85,361300,25.794355,39.9791504046,4,2012
2012-11-21,26.870001,27.1,26.6,27.049999,273800,25.98649,42.5074410903,4,2012
2012-11-23,27.18,27.440001,27.049999,27.42,97200,26.341944,46.9588680749,4,2012
2012-11-26,27.34,27.559999,27.040001,27.440001,348700,26.361158,47.1968622947,4,2012
2012-11-27,27.32,27.67,27.1,27.17,566400,26.101773,44.3066215685,4,2012
2012-11-28,27.07,27.360001,26.809999,27.32,698300,26.245875,46.2749936602,4,2012
2012-11-29,27.530001,28.27,27.530001,27.959999,925300,26.860712,53.7808501696,4,2012
2012-11-30,27.98,28.049999,27.76,27.959999,555900,26.860712,53.7808501696,4,2012
2012-12-03,28.040001,28.25,27.790001,28.0,415900,26.89914,54.2442190975,4,2012
2012-12-04,27.959999,28.17,27.780001,28.030001,432000,26.927962,54.6117630522,4,2012
2012-12-05,27.99,28.07,27.67,27.77,299000,26.678184,50.8031348648,4,2012
2012-12-06,27.74,28.0,27.459999,27.860001,385800,26.764645,52.0497265393,4,2012
2012-12-07,27.85,28.440001,27.809999,28.049999,464100,26.947174,54.6615838098,4,2012
2012-12-10,27.98,28.23,27.709999,28.07,414900,26.966388,54.9398252541,4,2012
2012-12-11,28.6,29.360001,28.59,28.690001,713400,27.562013,62.6018772075,4,2012
2012-12-12,28.67,28.93,28.33,28.93,698900,27.914197,66.2555979051,4,2012
2012-12-13,28.99,29.209999,28.690001,29.0,745900,27.981739,66.9230196853,4,2012
2012-12-14,28.91,29.190001,28.77,28.99,443200,27.97209,66.7199955266,4,2012
2012-12-17,29.0,29.139999,28.790001,29.0,418000,27.981739,66.8283691758,4,2012
2012-12-18,28.66,28.91,27.870001,28.809999,618400,27.79841,62.6537132858,4,2012
2012-12-19,28.82,28.84,28.48,28.6,520800,27.595785,58.3175499611,4,2012
2012-12-20,28.629999,28.85,28.389999,28.82,462400,27.808059,61.3364517417,4,2012
2012-12-21,28.52,28.809999,28.290001,28.719999,871100,27.71157,59.2363061668,4,2012
2012-12-24,28.700001,28.700001,28.139999,28.540001,172600,27.537892,55.5494021843,4,2012
2012-12-26,28.559999,28.620001,28.23,28.360001,275600,27.364212,52.0598744134,4,2012
2012-12-27,28.35,28.790001,28.34,28.6,365200,27.595785,56.0263315205,4,2012
2012-12-28,28.52,28.629999,28.16,28.190001,167800,27.200181,48.6248404469,4,2012
2012-12-31,28.15,28.559999,27.870001,28.5,291500,27.499295,53.6144907739,4,2012
2013-01-02,29.07,29.6,28.940001,29.6,445000,28.560672,66.1700465786,1,2013
2013-01-03,29.74,30.08,29.57,30.030001,289400,28.975574,69.6306343869,1,2013
2013-01-04,30.02,30.08,29.77,30.030001,390400,28.975574,69.6306343869,1,2013
2013-01-07,29.85,30.66,29.799999,30.5,419300,29.429071,73.1166556049,1,2013
2013-01-08,30.49,30.709999,30.309999,30.32,363000,29.255391,69.8115767291,1,2013
2013-01-09,30.459999,30.959999,30.309999,30.790001,374700,29.708889,73.2160531705,1,2013
2013-01-10,30.889999,30.959999,30.52,30.610001,192200,29.535209,69.9619528057,1,2013
2013-01-11,30.66,30.74,29.940001,30.280001,382900,29.216796,64.3180065587,1,2013
2013-01-14,30.24,30.57,30.18,30.49,308200,29.419421,66.187341748,1,2013
2013-01-15,30.389999,30.92,30.08,30.85,350300,29.766782,69.1692537379,1,2013
2013-01-16,30.809999,30.84,30.549999,30.690001,277600,29.6124,66.3678633621,1,2013
2013-01-17,30.73,31.469999,30.700001,31.26,377900,30.162385,70.8908826931,1,2013
2013-01-18,31.17,31.49,31.17,31.469999,260300,30.365011,72.3654203163,1,2013
2013-01-22,31.389999,31.790001,31.379999,31.610001,278800,30.500096,73.3351756747,1,2013
2013-01-23,31.66,31.780001,31.360001,31.629999,438600,30.519393,73.4783539585,1,2013
2013-01-24,31.76,33.41,31.709999,32.779999,773300,31.629013,80.0965079448,1,2013
2013-01-25,32.959999,33.009998,32.540001,32.799999,407600,31.648311,80.1890977897,1,2013
2013-01-28,33.0,33.18,32.790001,33.169998,364300,32.005319,81.8694325209,1,2013
2013-01-29,33.110001,33.599998,32.610001,33.5,571800,32.323733,83.2352350377,1,2013
2013-01-30,33.380001,33.529999,33.150002,33.5,597400,32.323733,83.2352350377,1,2013
2013-01-31,33.349998,33.380001,32.91,33.18,696800,32.01497,76.7344009487,1,2013
2013-02-01,33.470001,33.470001,33.049999,33.189999,387300,32.024617,76.7953810335,1,2013
2013-02-04,32.900002,33.290001,32.669998,32.720001,353900,31.571122,67.7991071856,1,2013
2013-02-05,33.009998,33.23,32.810001,33.150002,371600,31.986024,71.1311787984,1,2013
2013-02-06,33.549999,34.23,33.549999,34.07,543700,32.873719,76.6890586474,1,2013
2013-02-07,33.98,34.18,33.82,34.049999,357800,32.854421,76.3449515433,1,2013
2013-02-08,34.049999,34.560001,34.049999,34.470001,381600,33.259675,78.5242115122,1,2013
2013-02-11,33.639999,33.860001,32.970001,33.34,1154200,32.169351,61.979890478,1,2013
2013-02-12,33.330002,34.259998,33.310001,33.970001,632500,32.777232,66.2493699514,1,2013
2013-02-13,34.02,34.200001,33.689999,33.869999,393500,32.680741,65.0015886907,1,2013
2013-02-14,33.830002,33.959999,33.18,33.189999,500900,32.024617,57.1229508009,1,2013
2013-02-15,33.25,33.25,32.990002,33.029999,496200,31.870235,55.4208100825,1,2013
2013-02-19,33.07,33.240002,32.759998,33.150002,588200,31.986024,56.4685259572,1,2013
2013-02-20,33.209999,33.32,32.810001,32.82,348400,31.667609,52.7939565008,1,2013
2013-02-21,32.860001,32.860001,32.490002,32.650002,188100,31.50358,50.9544802388,1,2013
2013-02-22,32.779999,32.93,32.610001,32.700001,221800,31.551824,51.4898452597,1,2013
2013-02-25,32.900002,33.169998,32.48,32.48,502000,31.339547,48.9575483309,1,2013
2013-02-26,32.619999,32.68,32.110001,32.240002,688100,31.107977,46.2834183889,1,2013
2013-02-27,32.279999,32.860001,32.279999,32.48,533700,31.339547,49.2676498857,1,2013
2013-02-28,32.48,32.939999,32.43,32.779999,427800,31.629013,52.7977482483,1,2013
2013-03-01,32.580002,32.779999,32.240002,32.5,478000,31.358846,49.3464895625,1,2013
2013-03-04,32.490002,32.939999,32.310001,32.91,283500,31.754449,54.0799269963,1,2013
2013-03-05,33.080002,33.720001,33.07,33.630001,359100,32.44917,60.9764393675,1,2013
2013-03-06,33.709999,33.740002,33.310001,33.349998,240100,32.178999,57.3680763427,1,2013
2013-03-07,33.330002,33.330002,32.93,33.07,264300,31.908831,53.9311687456,1,2013
2013-03-08,33.259998,33.669998,33.200001,33.599998,243000,32.420221,58.9449682995,1,2013
2013-03-11,33.52,34.290001,33.189999,34.27,449700,33.066697,64.2429060067,1,2013
2013-03-12,34.150002,34.400002,34.150002,34.360001,173200,33.153537,64.8981788895,1,2013
2013-03-13,34.25,34.52,34.049999,34.490002,199000,33.400482,66.7634461726,1,2013
2013-03-14,34.540001,34.59,34.439999,34.580002,239300,33.487639,67.4214521898,1,2013
2013-03-15,34.509998,34.650002,34.209999,34.5,357400,33.410164,66.1674387326,1,2013
2013-03-18,34.169998,34.619999,34.139999,34.330002,234000,33.245536,63.4661378181,1,2013
2013-03-19,34.419998,34.599998,34.130001,34.41,161300,33.323007,64.2066816148,1,2013
2013-03-20,34.599998,34.849998,34.470001,34.77,130300,33.671635,67.408302665,1,2013
2013-03-21,34.540001,34.759998,34.450001,34.529999,153700,33.439215,63.3406277063,1,2013
2013-03-22,34.57,34.599998,34.389999,34.540001,219400,33.448901,63.4396422381,1,2013
2013-03-25,34.669998,34.880001,34.189999,34.459999,224800,33.371427,61.997252723,1,2013
2013-03-26,34.52,35.0,34.459999,34.959999,198600,33.855632,67.0410051802,1,2013
2013-03-27,34.77,35.169998,34.490002,35.029999,148700,33.92342,67.6875766462,1,2013
2013-03-28,35.0,35.279999,34.759998,35.220001,160300,34.107421,69.4400341185,1,2013
2013-04-01,35.25,35.48,34.790001,35.32,315200,34.20426,70.3514085067,2,2013
2013-04-02,35.369999,35.57,34.939999,35.09,340700,33.981526,65.512068143,2,2013
2013-04-03,35.110001,35.150002,33.860001,34.080002,741200,33.003433,49.4316651246,2,2013
2013-04-04,34.16,34.380001,33.740002,34.349998,290000,33.264901,52.76918698,2,2013
2013-04-05,33.919998,34.220001,33.830002,34.150002,287900,33.071222,50.1298748259,2,2013
2013-04-08,34.209999,34.540001,34.040001,34.52,267000,33.429533,54.6490486566,2,2013
2013-04-09,34.650002,35.169998,34.509998,35.099998,311100,33.991209,60.6662476859,2,2013
2013-04-10,35.240002,35.66,35.240002,35.639999,365700,34.514151,65.2845570896,2,2013
2013-04-11,35.580002,36.23,35.580002,36.139999,269500,34.998357,68.9230187179,2,2013
2013-04-12,36.220001,36.23,35.84,35.91,237600,34.775623,65.5211493778,2,2013
2013-04-15,35.740002,35.84,34.98,35.310001,582200,34.194578,57.5421673073,2,2013
2013-04-16,35.540001,35.540001,34.869999,35.41,367700,34.291417,58.4503200029,2,2013
2013-04-17,35.27,35.380001,34.57,34.709999,275300,33.613529,50.3340696605,2,2013
2013-04-18,34.720001,34.990002,33.939999,34.23,458800,33.148693,45.6528117933,2,2013
2013-04-19,34.279999,34.799999,34.259998,34.610001,263500,33.51669,49.6455222857,2,2013
2013-04-22,34.689999,35.310001,34.57,35.130001,517000,34.020264,54.564652302,2,2013
2013-04-23,35.360001,35.509998,34.950001,35.470001,256800,34.349523,57.4888838152,2,2013
2013-04-24,35.389999,35.68,35.23,35.290001,503400,34.175209,55.4540431396,2,2013
2013-04-25,34.580002,34.580002,32.150002,33.450001,1196800,32.393334,39.9050043884,2,2013
2013-04-26,33.209999,33.639999,33.060001,33.509998,789500,32.451436,40.490942748,2,2013
2013-04-29,33.669998,33.889999,33.310001,33.720001,334100,32.654805,42.6005410926,2,2013
2013-04-30,33.700001,34.290001,33.509998,34.07,705300,32.993747,46.0342259595,2,2013
2013-05-01,33.880001,34.279999,33.77,34.0,508100,32.925959,45.4486466704,2,2013
2013-05-02,34.150002,34.299999,33.849998,34.25,260400,33.168061,47.9931088287,2,2013
2013-05-03,34.48,34.759998,34.439999,34.57,264400,33.477952,51.1349490335,2,2013
2013-05-06,34.509998,34.82,34.41,34.599998,310100,33.507004,51.4311813908,2,2013
2013-05-07,34.73,35.09,34.540001,35.09,295200,33.981526,56.1112512707,2,2013
2013-05-08,35.07,35.77,34.82,35.77,393200,34.640046,61.6360383666,2,2013
2013-05-09,35.810001,36.150002,35.66,36.029999,389400,34.891831,63.5265723713,2,2013
2013-05-10,36.060001,36.57,36.049999,36.459999,363600,35.308248,66.4695297371,2,2013
2013-05-13,36.369999,36.75,36.349998,36.549999,561400,35.395405,67.0684622757,2,2013
2013-05-14,36.490002,36.970001,36.459999,36.91,350000,35.744033,69.4213502132,2,2013
2013-05-15,36.889999,37.130001,36.860001,37.119999,366700,35.947399,70.7348811055,2,2013
2013-05-16,37.02,37.02,36.73,36.799999,379400,35.637508,66.0770079679,2,2013
2013-05-17,36.790001,37.18,36.740002,37.07,224700,35.898979,67.9921865779,2,2013
2013-05-20,37.060001,37.240002,36.959999,37.150002,312100,35.976453,68.5586007771,2,2013
2013-05-21,37.150002,37.439999,37.02,37.110001,294700,35.937716,67.9114937795,2,2013
2013-05-22,37.110001,37.200001,35.84,35.950001,451800,34.81436,52.4504316192,2,2013
2013-05-23,35.619999,36.02,35.5,35.970001,278400,34.833729,52.6505951902,2,2013
2013-05-24,35.799999,35.919998,35.509998,35.830002,89800,34.698152,51.031254568,2,2013
2013-05-28,36.240002,36.459999,36.099998,36.32,214600,35.172671,56.1183527281,2,2013
2013-05-29,36.110001,36.360001,35.52,36.18,638200,35.037094,54.3801181551,2,2013
2013-05-30,36.150002,36.5,36.060001,36.259998,125400,35.114565,55.2334055923,2,2013
2013-05-31,36.099998,36.77,36.099998,36.130001,175400,34.988674,53.4827718003,2,2013
2013-06-03,36.200001,36.200001,35.419998,35.900002,258600,34.76594,50.4368552393,2,2013
2013-06-04,35.900002,36.060001,35.279999,35.740002,354800,34.610995,48.3729835072,2,2013
2013-06-05,35.650002,35.75,34.869999,34.93,182900,33.826581,39.549698086,2,2013
2013-06-06,34.880001,35.060001,34.52,35.0,249100,33.894369,40.5587363954,2,2013
2013-06-07,35.220001,35.450001,35.09,35.389999,235200,34.272049,45.97001481,2,2013
2013-06-10,35.450001,36.119999,35.029999,36.02,343500,34.882149,53.3568944924,2,2013
2013-06-11,35.66,35.98,35.360001,35.709999,186600,34.58194,49.7523751405,2,2013
2013-06-12,35.82,35.82,34.970001,34.98,96800,34.006418,43.6627469502,2,2013
2013-06-13,34.919998,35.650002,34.689999,35.580002,131200,34.589721,50.302183576,2,2013
2013-06-14,35.630001,35.650002,35.259998,35.32,97600,34.336956,47.679907701,2,2013
2013-06-17,35.580002,35.610001,34.91,35.189999,169700,34.210573,46.3780589937,2,2013
2013-06-18,35.040001,35.389999,34.970001,35.34,158900,34.356399,48.1376364997,2,2013
2013-06-19,35.27,35.470001,34.669998,34.75,164700,33.78282,42.2631406585,2,2013
2013-06-20,34.490002,34.490002,32.880001,32.900002,332000,31.984312,29.9295437835,2,2013
2013-06-21,33.09,33.459999,32.810001,33.389999,551100,32.460672,35.3140460648,2,2013
2013-06-24,33.119999,33.240002,32.740002,33.02,154700,32.100971,33.237101948,2,2013
2013-06-25,33.360001,33.5,32.869999,33.119999,265400,32.198186,34.3607168243,2,2013
2013-06-26,33.400002,33.450001,33.009998,33.220001,215100,32.295405,35.5292672524,2,2013
2013-06-27,33.450001,33.580002,33.240002,33.400002,122800,32.470396,37.6798749317,2,2013
2013-06-28,33.34,33.790001,33.25,33.68,1218400,32.742601,40.9780752031,2,2013
2013-07-01,33.880001,34.5,33.860001,33.939999,342800,32.995363,43.9447203302,3,2013
2013-07-02,33.869999,34.400002,33.869999,34.049999,269800,33.102302,45.1997211728,3,2013
2013-07-03,33.880001,34.169998,33.869999,33.990002,187500,33.043975,44.6130328477,3,2013
2013-07-05,34.240002,34.490002,34.099998,34.330002,320200,33.374512,48.6784627024,3,2013
2013-07-08,34.48,34.610001,34.34,34.48,330000,33.520335,50.4078892117,3,2013
2013-07-09,33.669998,33.82,32.849998,33.459999,861600,32.528723,40.4305906319,3,2013
2013-07-10,33.459999,33.740002,33.080002,33.23,728700,32.305125,38.5764301651,3,2013
2013-07-11,33.57,33.889999,33.52,33.75,1094300,32.810653,44.7461029242,3,2013
2013-07-12,33.799999,33.91,33.639999,33.830002,429100,32.888428,45.6505880181,3,2013
2013-07-15,33.889999,34.369999,33.82,34.119999,492600,33.170354,48.915047529,3,2013
2013-07-16,34.130001,34.43,34.049999,34.330002,273600,33.374512,51.2008799284,3,2013
2013-07-17,34.27,34.73,34.240002,34.619999,515600,33.656438,54.245536208,3,2013
2013-07-18,34.150002,35.290001,33.810001,35.220001,652200,34.23974,59.8298831744,3,2013
2013-07-19,35.169998,35.5,35.029999,35.48,348500,34.492502,61.9945346386,3,2013
2013-07-22,35.450001,36.02,35.279999,35.98,388900,34.978586,65.8101635778,3,2013
2013-07-23,36.119999,36.43,35.860001,36.220001,335300,35.211908,67.4969985425,3,2013
2013-07-24,36.299999,36.43,36.040001,36.330002,497500,35.318847,68.2697054363,3,2013
2013-07-25,38.84,38.84,35.490002,36.860001,629500,35.834094,71.7539817707,3,2013
2013-07-26,36.759998,36.830002,36.34,36.77,172300,35.746599,70.3414371629,3,2013
2013-07-29,36.720001,36.91,36.43,36.59,134900,35.571609,67.4802420381,3,2013
2013-07-30,36.389999,36.790001,36.310001,36.619999,182300,35.600773,67.7159330496,3,2013
2013-07-31,36.759998,37.240002,36.630001,37.07,389400,36.038249,71.0996264074,3,2013
2013-08-01,37.41,37.860001,37.380001,37.619999,372000,36.57294,74.6032272164,3,2013
2013-08-02,37.5,37.52,37.119999,37.459999,94500,36.417393,71.8734748456,3,2013
2013-08-05,37.450001,37.450001,37.029999,37.18,186900,36.145188,67.2369480749,3,2013
2013-08-06,37.150002,37.32,36.919998,37.02,177200,35.989641,64.6696581338,3,2013
2013-08-07,36.860001,36.860001,36.189999,36.389999,208200,35.377174,55.6580794164,3,2013
2013-08-08,36.59,36.630001,36.310001,36.490002,236800,35.474393,56.689757188,3,2013
2013-08-09,36.439999,36.720001,36.200001,36.560001,136600,35.542445,57.4362808361,3,2013
2013-08-12,36.400002,36.599998,36.189999,36.52,114200,35.503557,56.8334212793,3,2013
2013-08-13,36.540001,36.619999,36.080002,36.25,189300,35.241072,52.8046244782,3,2013
2013-08-14,36.16,36.349998,36.049999,36.16,302100,35.153576,51.4942403887,3,2013
2013-08-15,35.869999,35.939999,35.279999,35.279999,263400,34.298068,40.8261704039,3,2013
2013-08-16,35.189999,35.360001,34.900002,35.009998,332800,34.035582,38.2105357643,3,2013
2013-08-19,34.950001,35.16,34.790001,34.900002,226100,33.928647,37.165861133,3,2013
2013-08-20,34.939999,35.09,34.639999,34.939999,269100,33.967531,37.8314475048,3,2013
2013-08-21,34.869999,35.18,34.48,34.630001,200500,33.666161,34.7583153314,3,2013
2013-08-22,34.740002,35.459999,34.57,35.049999,109800,34.07447,41.6715647367,3,2013
2013-08-23,35.150002,35.200001,34.799999,35.029999,148300,34.055026,41.4463356165,3,2013
2013-08-26,35.049999,35.279999,34.93,35.07,172300,34.093914,42.1201293433,3,2013
2013-08-27,34.689999,34.73,33.970001,33.970001,149600,33.024531,31.4146253098,3,2013
2013-08-28,33.990002,34.110001,33.799999,33.98,179000,33.034251,31.5848362484,3,2013
2013-08-29,33.849998,34.34,33.849998,34.25,164600,33.296737,36.1902391584,3,2013
2013-08-30,34.290001,34.290001,33.919998,34.139999,411500,33.189798,35.1520405136,3,2013
2013-09-03,34.490002,34.75,33.57,34.060001,565500,33.112026,34.379605893,3,2013
2013-09-04,34.049999,34.360001,34.049999,34.330002,297700,33.374512,39.2330102342,3,2013
2013-09-05,34.43,34.84,34.43,34.470001,225300,33.510615,41.6431685979,3,2013
2013-09-06,34.599998,34.700001,34.0,34.43,231000,33.471727,41.1410733992,3,2013
2013-09-09,34.540001,34.849998,34.5,34.740002,212900,33.7731,46.5223805846,3,2013
2013-09-10,35.049999,35.290001,34.73,35.27,412200,34.288348,54.227459948,3,2013
2013-09-11,35.290001,35.68,35.290001,35.57,191300,34.579997,57.9230059844,3,2013
2013-09-12,35.450001,35.650002,35.139999,35.5,569300,34.511946,56.7712492571,3,2013
2013-09-13,35.549999,35.91,35.380001,35.650002,208600,34.657773,58.6678911683,3,2013
2013-09-16,35.93,36.060001,35.619999,35.93,205800,34.929978,62.0178186191,3,2013
2013-09-17,35.93,36.369999,35.93,36.369999,184900,35.357731,66.599106391,3,2013
2013-09-18,36.27,36.52,35.77,36.330002,223500,35.453368,67.5417559197,3,2013
2013-09-19,36.43,36.689999,36.169998,36.18,131300,35.306986,64.5393911972,3,2013
2013-09-20,36.290001,36.290001,35.650002,35.650002,400400,34.789776,55.2022890818,3,2013
2013-09-23,35.639999,35.759998,35.330002,35.580002,176900,34.721465,54.0892595348,3,2013
2013-09-24,35.650002,35.950001,35.400002,35.759998,191800,34.897119,56.5171002432,3,2013
2013-09-25,35.700001,36.18,35.490002,35.889999,339300,35.023983,58.2349452874,3,2013
2013-09-26,35.880001,36.07,35.66,36.029999,160700,35.160604,60.0646730395,3,2013
2013-09-27,35.950001,36.18,35.610001,35.77,185200,34.906879,55.22578265,3,2013
2013-09-30,35.599998,35.869999,35.389999,35.830002,331200,34.965433,56.1046496892,3,2013
2013-10-01,35.759998,36.5,35.639999,36.389999,614700,35.511918,63.3376966022,4,2013
2013-10-02,36.34,36.689999,35.98,36.66,334000,35.775403,66.2272548851,4,2013
2013-10-03,36.529999,37.119999,36.389999,36.939999,578200,36.048646,68.959491869,4,2013
2013-10-04,37.060001,37.349998,36.75,37.220001,339500,36.321892,71.4471511694,4,2013
2013-10-07,36.950001,37.220001,36.82,36.869999,292800,35.980335,64.4897530796,4,2013
2013-10-08,36.900002,37.07,36.509998,36.52,303100,35.638782,58.3687585607,4,2013
2013-10-09,36.59,36.93,36.389999,36.549999,262200,35.668057,58.7303230983,4,2013
2013-10-10,36.900002,37.169998,36.759998,36.990002,222300,36.097442,63.7088599513,4,2013
2013-10-11,36.939999,37.48,36.91,37.419998,239700,36.517063,67.7973028297,4,2013
2013-10-14,37.27,37.82,37.240002,37.790001,322800,36.878138,70.8413388741,4,2013
2013-10-15,37.619999,38.060001,37.619999,37.779999,296500,36.868377,70.6469227109,4,2013
2013-10-16,38.049999,38.34,37.779999,38.290001,356200,37.366073,74.491011163,4,2013
2013-10-17,38.23,38.830002,38.02,38.779999,244200,37.844247,77.5350592143,4,2013
2013-10-18,38.84,38.959999,38.639999,38.950001,387800,38.010147,78.4939391712,4,2013
2013-10-21,38.860001,39.080002,38.650002,38.98,167100,38.039422,78.666979177,4,2013
2013-10-22,39.040001,39.439999,38.740002,39.029999,193500,38.088215,78.9706870402,4,2013
2013-10-23,38.919998,39.240002,38.77,39.130001,256000,38.185804,79.5963487828,4,2013
2013-10-24,38.75,39.0,38.380001,38.57,659300,37.639315,67.4874943087,4,2013
2013-10-25,37.880001,38.82,37.860001,38.810001,662400,37.873526,69.6205416155,4,2013
2013-10-28,38.790001,39.75,38.790001,39.740002,695100,38.781085,76.1501597483,4,2013
2013-10-29,39.91,40.490002,39.740002,40.459999,526100,39.483709,79.774576835,4,2013
2013-10-30,40.509998,40.91,40.490002,40.57,373000,39.591056,80.2679511004,4,2013
2013-10-31,40.610001,41.43,40.610001,41.290001,498300,40.293684,83.1630449829,4,2013
2013-11-01,41.310001,41.400002,40.490002,40.790001,560100,39.805748,74.9401094743,4,2013
2013-11-04,40.900002,41.369999,40.75,41.349998,524700,40.352233,77.610314245,4,2013
2013-11-05,41.119999,41.639999,40.900002,41.52,461000,40.518133,78.3640081962,4,2013
2013-11-06,41.810001,41.880001,40.900002,41.0,562700,40.01068,70.5418272444,4,2013
2013-11-07,41.110001,41.259998,40.380001,40.490002,418000,39.512988,63.813973757,4,2013
2013-11-08,40.439999,41.759998,40.439999,41.68,417800,40.674272,70.8096745095,4,2013
2013-11-11,40.82,41.200001,40.099998,40.720001,581100,39.737438,60.6269311062,4,2013
2013-11-12,40.549999,40.84,40.310001,40.810001,399700,39.825266,61.1903954668,4,2013
2013-11-13,40.540001,41.380001,40.220001,41.32,413100,40.322959,64.307539667,4,2013
2013-11-14,41.369999,41.490002,41.0,41.279999,615100,40.283923,63.8741968634,4,2013
2013-11-15,41.41,41.470001,41.07,41.279999,341700,40.283923,63.8741968634,4,2013
2013-11-18,41.5,41.77,41.279999,41.389999,437300,40.391269,64.63424749,4,2013
2013-11-19,41.279999,41.610001,41.049999,41.470001,284600,40.469341,65.2075763654,4,2013
2013-11-20,41.470001,42.099998,41.400002,41.779999,266300,40.771858,67.4121080396,4,2013
2013-11-21,41.509998,42.560001,41.360001,42.240002,519200,41.220761,70.4084212094,4,2013
2013-11-22,42.220001,42.279999,41.889999,42.080002,342800,41.064622,68.0642278749,4,2013
2013-11-25,42.139999,42.450001,41.669998,41.740002,285100,40.732826,63.245391894,4,2013
2013-11-26,41.689999,41.939999,41.439999,41.650002,328200,40.644997,61.9941948166,4,2013
2013-11-27,41.59,41.790001,41.450001,41.639999,358800,40.635237,61.847769074,4,2013
2013-11-29,41.68,41.77,41.400002,41.41,103400,40.410787,58.4298954846,4,2013
2013-12-02,41.259998,41.630001,41.169998,41.209999,448800,40.215612,55.5548595756,4,2013
2013-12-03,40.919998,41.169998,40.73,40.93,479900,39.94237,51.7181486006,4,2013
2013-12-04,40.77,40.84,39.77,40.240002,503000,39.269021,43.707456935,4,2013
2013-12-05,40.23,41.049999,40.0,41.009998,500200,40.020437,52.5416105072,4,2013
2013-12-06,41.369999,41.73,41.279999,41.330002,276800,40.332719,55.6561823487,4,2013
2013-12-09,41.209999,41.360001,40.889999,41.27,226400,40.274166,54.9282880748,4,2013
2013-12-10,41.290001,41.41,41.040001,41.220001,267300,40.225373,54.2910870286,4,2013
2013-12-11,41.060001,41.599998,40.0,40.049999,552800,39.21489,43.1318464488,4,2013
2013-12-12,40.049999,40.150002,39.810001,40.02,498500,39.185517,42.8560919254,4,2013
2013-12-13,40.16,40.419998,39.849998,40.240002,379800,39.40093,45.6027814783,4,2013
2013-12-16,40.41,40.889999,39.029999,40.290001,289300,39.449887,46.2352873156,4,2013
2013-12-17,40.389999,40.419998,39.259998,39.759998,685100,38.930936,40.8174060236,4,2013
2013-12-18,39.790001,40.68,39.380001,40.580002,574900,39.733841,50.4849403668,4,2013
2013-12-19,40.639999,40.639999,40.049999,40.240002,340200,39.40093,47.0528675816,4,2013
2013-12-20,40.32,40.77,40.32,40.459999,515400,39.61634,49.4476096134,4,2013
2013-12-23,40.66,41.060001,40.459999,40.990002,327100,40.135292,54.7566612781,4,2013
2013-12-24,41.040001,41.330002,40.509998,41.18,47200,40.321328,56.5195456024,4,2013
2013-12-26,41.349998,41.400002,40.939999,41.119999,257700,40.262578,55.7803725232,4,2013
2013-12-27,41.349998,41.599998,41.07,41.310001,108600,40.448619,57.6683555986,4,2013
2013-12-30,41.32,41.43,41.139999,41.23,155900,40.370285,56.5730905138,4,2013
2013-12-31,41.299999,41.689999,41.09,41.34,199300,40.477992,57.7609740932,4,2013
2014-01-02,41.189999,41.560001,40.880001,40.98,298600,40.125498,52.6820672544,1,2014
2014-01-03,40.860001,41.049999,40.610001,40.919998,399200,40.066748,51.8635296551,1,2014
2014-01-06,40.950001,42.09,40.919998,41.73,809000,40.859859,60.7332773404,1,2014
2014-01-07,41.84,42.599998,41.610001,42.450001,454100,41.564847,66.6209473987,1,2014
2014-01-08,42.32,43.16,42.32,43.080002,484500,42.181712,70.7532282732,1,2014
2014-01-09,43.189999,43.470001,43.080002,43.43,360200,42.524412,72.7700665078,1,2014
2014-01-10,43.650002,43.82,43.040001,43.189999,665200,42.289415,69.2438634415,1,2014
2014-01-13,43.049999,43.740002,42.389999,42.540001,547600,41.652971,60.6694024956,1,2014
2014-01-14,42.790001,43.240002,42.5,43.099998,307100,42.201291,64.722456959,1,2014
2014-01-15,43.060001,43.860001,43.049999,43.580002,385200,42.671286,67.7867498562,1,2014
2014-01-16,43.610001,44.0,43.439999,43.82,326000,42.906279,69.2260822637,1,2014
2014-01-17,43.900002,44.099998,43.380001,43.540001,351200,42.632119,65.5464085637,1,2014
2014-01-21,43.700001,44.200001,43.57,44.16,643500,43.23919,69.4222433286,1,2014
2014-01-22,44.27,44.639999,44.060001,44.110001,616300,43.190233,68.750556295,1,2014
2014-01-23,38.310001,39.740002,37.029999,37.16,3267200,36.385152,28.0804399747,1,2014
2014-01-24,37.049999,37.450001,36.150002,37.380001,1502600,36.600566,29.5021158385,1,2014
2014-01-27,37.34,37.34,35.919998,36.419998,1023300,35.66058,26.9945000239,1,2014
2014-01-28,36.369999,36.990002,36.259998,36.869999,1164100,36.101198,29.9981073261,1,2014
2014-01-29,36.57,36.700001,36.189999,36.25,625700,35.494127,28.2722313128,1,2014
2014-01-30,36.549999,36.959999,36.400002,36.950001,564800,36.179531,32.961769853,1,2014
2014-01-31,36.580002,36.630001,36.189999,36.27,557700,35.51371,30.8516063504,1,2014
2014-02-03,36.119999,36.330002,35.18,35.48,1088600,34.740182,28.5637729782,1,2014
2014-02-04,35.73,35.91,35.09,35.130001,593100,34.397482,27.5876944363,1,2014
2014-02-05,35.130001,35.549999,34.939999,35.450001,507200,34.710809,29.9447944153,1,2014
2014-02-06,35.540001,35.869999,35.330002,35.490002,405700,34.749976,30.2504372991,1,2014
2014-02-07,35.639999,36.060001,35.5,36.02,250100,35.268923,34.338096907,1,2014
2014-02-10,36.009998,36.549999,35.849998,36.509998,434200,35.748704,37.9582110922,1,2014
2014-02-11,36.48,36.950001,36.220001,36.720001,409500,35.954328,39.4977676355,1,2014
2014-02-12,36.77,37.23,36.630001,36.900002,661800,36.130575,40.8525818289,1,2014
2014-02-13,36.669998,37.48,36.669998,37.389999,400200,36.610355,44.4962258781,1,2014
2014-02-14,37.299999,37.59,37.110001,37.419998,204800,36.639729,44.7207525338,1,2014
2014-02-18,37.490002,37.869999,37.369999,37.630001,458700,36.845353,46.3566521947,1,2014
2014-02-19,37.470001,37.830002,37.099998,37.099998,208600,36.326401,42.9056363162,1,2014
2014-02-20,37.099998,37.66,37.040001,37.560001,289500,36.776813,46.619971886,1,2014
2014-02-21,37.630001,37.630001,37.290001,37.52,222500,36.737646,46.3376678345,1,2014
2014-02-24,37.549999,37.919998,37.48,37.650002,263900,36.864936,47.4513602051,1,2014
2014-02-25,37.73,37.73,37.259998,37.330002,254200,36.551609,44.9769379998,1,2014
2014-02-26,37.439999,37.939999,37.27,37.700001,284700,36.913893,48.3318712829,1,2014
2014-02-27,37.68,38.080002,37.450001,37.93,318100,37.139096,50.3581392821,1,2014
2014-02-28,37.959999,38.419998,37.529999,37.830002,359400,37.041183,49.4501255418,1,2014
2014-03-03,37.400002,37.619999,37.119999,37.16,350100,36.385152,43.7571367364,1,2014
2014-03-04,37.490002,38.360001,37.490002,38.099998,290900,37.30555,52.0906674364,1,2014
2014-03-05,38.110001,38.23,37.5,37.830002,269700,37.041183,49.807827424,1,2014
2014-03-06,37.939999,38.119999,37.709999,38.029999,218900,37.23701,51.503250901,1,2014
2014-03-07,38.150002,38.41,37.869999,38.279999,187900,37.481797,53.612573194,1,2014
2014-03-10,38.16,38.419998,37.889999,38.419998,263200,37.618877,54.7982225169,1,2014
2014-03-11,38.5,38.540001,37.849998,37.959999,224900,37.16847,50.2532059765,1,2014
2014-03-12,37.73,38.09,37.560001,37.919998,257900,37.129303,49.8658837882,1,2014
2014-03-13,38.029999,38.07,37.240002,37.41,257000,36.629939,45.093810106,1,2014
2014-03-14,37.299999,38.0,37.220001,37.25,185900,36.473275,43.6814755522,1,2014
2014-03-17,37.380001,38.380001,37.380001,38.310001,395900,37.511174,53.9676592949,1,2014
2014-03-18,38.119999,38.689999,38.09,38.619999,246000,37.966336,57.6230073052,1,2014
2014-03-19,38.610001,38.740002,37.919998,38.029999,369300,37.386322,51.9606483667,1,2014
2014-03-20,37.93,38.32,37.93,38.150002,198600,37.504293,52.9728604263,1,2014
2014-03-21,38.400002,38.509998,37.799999,37.939999,510100,37.297845,50.9496740925,1,2014
2014-03-24,38.060001,38.220001,37.240002,37.580002,288000,36.943941,47.5938963201,1,2014
2014-03-25,37.709999,38.25,37.549999,37.990002,243600,37.347001,51.510990455,1,2014
2014-03-26,38.23,38.630001,37.779999,37.810001,178900,37.170048,49.7527739631,1,2014
2014-03-27,37.790001,37.869999,37.23,37.529999,278700,36.894784,47.0617551216,1,2014
2014-03-28,37.650002,38.169998,37.360001,37.970001,407600,37.327339,51.5009974126,1,2014
2014-03-31,38.25,38.75,38.040001,38.540001,320900,37.887692,56.5805836748,1,2014
2014-04-01,38.549999,39.23,38.52,39.220001,576300,38.556183,61.730151916,2,2014
2014-04-02,39.169998,39.82,39.080002,39.720001,394100,39.04772,65.0156829247,2,2014
2014-04-03,39.830002,39.889999,39.450001,39.650002,380200,38.978905,64.1848891933,2,2014
2014-04-04,39.93,40.099998,38.709999,38.959999,514900,38.300581,56.5182886156,2,2014
2014-04-07,38.790001,38.939999,37.759998,37.919998,456300,37.278183,47.3399278378,2,2014
2014-04-08,37.889999,38.09,37.41,37.849998,220900,37.209368,46.7891592417,2,2014
2014-04-09,37.860001,38.16,37.509998,38.09,286300,37.445307,48.9808346322,2,2014
2014-04-10,37.849998,38.02,37.299999,37.34,528900,36.708001,43.0179243059,2,2014
2014-04-11,36.720001,36.84,35.959999,36.139999,669800,35.528311,35.5588544882,2,2014
2014-04-14,36.380001,36.5,35.880001,36.200001,317300,35.587297,36.1549667708,2,2014
2014-04-15,36.220001,36.549999,35.450001,36.48,289800,35.862557,38.9911638227,2,2014
2014-04-16,36.82,36.830002,36.459999,36.779999,257900,36.157478,41.9658436935,2,2014
2014-04-17,36.68,37.130001,36.580002,36.66,202400,36.039511,41.1025554261,2,2014
2014-04-21,36.639999,37.209999,36.529999,37.189999,246000,36.560539,46.3518378534,2,2014
2014-04-22,37.25,37.619999,37.189999,37.299999,185000,36.668678,47.3996846858,2,2014
2014-04-23,37.240002,37.389999,36.93,37.240002,308700,36.609696,46.8620514827,2,2014
2014-04-24,37.509998,37.549999,36.849998,36.869999,351200,36.245955,43.5792274697,2,2014
2014-04-25,36.700001,37.009998,36.57,36.970001,236200,36.344265,44.7066566685,2,2014
2014-04-28,37.099998,37.32,36.23,36.98,372900,36.354094,44.8253663202,2,2014
2014-04-29,37.130001,37.32,36.740002,36.82,278900,36.196802,43.2260274657,2,2014
2014-04-30,36.77,37.48,36.599998,37.360001,393600,36.727663,49.7433477714,2,2014
2014-05-01,37.389999,37.57,36.959999,37.290001,733800,36.658848,48.9587677632,2,2014
2014-05-02,37.43,38.48,37.43,38.200001,672300,37.553446,58.1909090866,2,2014
2014-05-05,37.889999,38.349998,37.669998,38.07,377800,37.425645,56.6154495056,2,2014
2014-05-06,37.880001,39.080002,37.849998,39.07,689100,38.40872,64.5631922227,2,2014
2014-05-07,39.0,39.0,38.07,38.330002,468400,37.681247,56.3383474191,2,2014
2014-05-08,38.299999,38.560001,37.919998,38.299999,484200,37.651752,56.0267068295,2,2014
2014-05-09,38.25,38.799999,38.139999,38.790001,467400,38.13346,59.925565217,2,2014
2014-05-12,38.950001,39.610001,38.860001,39.490002,317600,38.821613,64.7358201116,2,2014
2014-05-13,39.610001,39.720001,39.009998,39.200001,322300,38.536521,61.4452316043,2,2014
2014-05-14,39.23,39.32,38.34,38.900002,432900,38.241599,58.1521569714,2,2014
2014-05-15,38.84,38.84,37.869999,38.709999,370600,38.054812,56.1014134368,2,2014
2014-05-16,38.91,39.41,38.560001,39.389999,284900,38.723303,61.3541113211,2,2014
2014-05-19,39.360001,39.830002,39.200001,39.630001,492400,38.959243,63.0352752226,2,2014
2014-05-20,39.529999,39.630001,38.779999,39.139999,528700,38.477535,57.532439889,2,2014
2014-05-21,39.299999,39.369999,38.68,38.810001,389200,38.153122,54.1067103884,2,2014
2014-05-22,38.77,38.790001,38.439999,38.639999,455100,37.985998,52.3764880843,2,2014
2014-05-23,38.73,38.84,38.330002,38.490002,486900,37.838539,50.8319290455,2,2014
2014-05-27,38.700001,39.110001,38.349998,38.93,403700,38.27109,55.0219789982,2,2014
2014-05-28,39.040001,39.509998,38.619999,39.259998,508000,38.595503,57.9184761204,2,2014
2014-05-29,39.52,39.52,39.060001,39.349998,241700,38.68398,58.6996422328,2,2014
2014-05-30,39.400002,39.91,39.34,39.689999,346800,39.018225,61.5996945319,2,2014
2014-06-02,39.700001,39.830002,39.139999,39.689999,376500,39.018225,61.5996945319,2,2014
2014-06-03,39.57,40.110001,39.57,40.09,302700,39.411456,64.9571032257,2,2014
2014-06-04,40.029999,40.48,39.900002,40.380001,271700,39.696549,67.1964138734,2,2014
2014-06-05,40.490002,40.82,40.220001,40.470001,211500,39.785026,67.8823545588,2,2014
2014-06-06,40.490002,40.639999,40.290001,40.400002,202900,39.716211,66.7138810927,2,2014
2014-06-09,40.279999,40.400002,39.849998,39.91,369600,39.234503,59.0512724449,2,2014
2014-06-10,39.799999,39.990002,39.41,39.98,253900,39.303318,59.7622856727,2,2014
2014-06-11,39.779999,39.810001,39.299999,39.459999,176400,38.941143,54.4077920082,2,2014
2014-06-12,39.349998,40.029999,39.25,39.720001,624400,39.197727,57.3249568115,2,2014
2014-06-13,39.790001,39.860001,39.369999,39.490002,181600,38.970751,54.0314968426,2,2014
2014-06-16,39.630001,40.419998,39.369999,40.09,560100,39.562861,60.4199046279,2,2014
2014-06-17,40.07,40.209999,39.810001,40.080002,759400,39.552994,60.2695911481,2,2014
2014-06-18,40.009998,40.459999,39.779999,40.299999,613000,39.770098,62.4813245254,2,2014
2014-06-19,40.349998,40.41,39.959999,40.240002,234400,39.71089,61.4762133625,2,2014
2014-06-20,40.450001,40.709999,40.32,40.59,293000,40.056286,65.0121370353,2,2014
2014-06-23,40.639999,40.689999,40.130001,40.209999,157100,39.681282,58.7112915862,2,2014
2014-06-24,40.119999,40.41,40.009998,40.209999,267400,39.681282,58.7112915862,2,2014
2014-06-25,40.310001,40.68,40.299999,40.59,223400,40.056286,62.8832821484,2,2014
2014-06-26,41.5,41.560001,40.619999,41.48,538600,40.934583,70.4216336763,2,2014
2014-06-27,41.299999,41.650002,41.049999,41.529999,570300,40.983925,70.780668953,2,2014
2014-06-30,41.560001,41.66,41.130001,41.509998,375100,40.964187,70.4124691164,2,2014
2014-07-01,41.5,42.119999,41.240002,42.0,559000,41.447746,73.9831761179,3,2014
2014-07-02,41.82,41.860001,41.200001,41.779999,477000,41.230638,69.9041233476,3,2014
2014-07-03,41.799999,42.02,41.439999,41.889999,454000,41.339192,70.7718488942,3,2014
2014-07-07,41.91,42.119999,41.57,41.669998,304100,41.122083,66.6338804891,3,2014
2014-07-08,41.41,41.450001,40.639999,40.75,542800,40.214182,52.7453535046,3,2014
2014-07-09,40.900002,40.93,40.310001,40.869999,280500,40.332603,54.0895042489,3,2014
2014-07-10,40.130001,40.900002,39.84,40.759998,224400,40.224049,52.6121279878,3,2014
2014-07-11,40.759998,40.860001,40.419998,40.830002,137200,40.293132,53.4828927705,3,2014
2014-07-14,41.049999,41.209999,40.549999,40.709999,114400,40.174707,51.7281342829,3,2014
2014-07-15,40.669998,40.77,40.02,40.360001,339900,39.829311,46.8954163057,3,2014
2014-07-16,40.540001,40.700001,40.130001,40.169998,288600,39.641807,44.466696471,3,2014
2014-07-17,40.150002,40.599998,39.82,39.950001,237400,39.424702,41.7692801163,3,2014
2014-07-18,40.16,40.889999,39.959999,40.740002,199600,40.204315,52.8339107176,3,2014
2014-07-21,40.540001,40.540001,40.029999,40.09,218900,39.562861,45.2203200996,3,2014
2014-07-22,40.189999,40.68,39.98,40.18,318700,39.651677,46.3726412844,3,2014
2014-07-23,40.209999,40.43,39.889999,39.990002,194600,39.464177,44.256122338,3,2014
2014-07-24,40.130001,40.360001,39.830002,40.119999,256100,39.592465,46.0698068689,3,2014
2014-07-25,39.93,40.25,39.810001,40.130001,190500,39.602336,46.2148132302,3,2014
2014-07-28,40.099998,40.119999,39.68,40.060001,185600,39.533256,45.2969045759,3,2014
2014-07-29,40.07,40.380001,39.959999,40.02,291700,39.493781,44.749932519,3,2014
2014-07-30,40.25,40.459999,39.959999,40.32,132800,39.789836,49.6595602686,3,2014
2014-07-31,39.959999,40.009998,39.279999,39.400002,418100,38.881935,38.3924537614,3,2014
2014-08-01,39.330002,39.860001,38.849998,39.400002,485600,38.881935,38.3924537614,3,2014
2014-08-04,39.459999,39.59,38.970001,39.529999,423400,39.010223,40.6009954615,3,2014
2014-08-05,39.419998,40.330002,39.25,39.98,416300,39.454306,47.6032634443,3,2014
2014-08-06,39.779999,40.919998,39.599998,40.630001,497900,40.095761,55.7227241417,3,2014
2014-08-07,39.599998,40.82,39.27,40.209999,714100,39.681282,50.2989354746,3,2014
2014-08-08,40.240002,41.299999,40.240002,41.290001,516800,40.747083,60.8512283185,3,2014
2014-08-11,41.299999,41.759998,41.27,41.32,428000,40.776687,61.0982919214,3,2014
2014-08-12,41.310001,41.52,40.98,41.490002,623400,40.944454,62.5410293396,3,2014
2014-08-13,41.540001,42.119999,41.540001,41.98,306800,41.428009,66.4080609472,3,2014
2014-08-14,42.130001,42.290001,41.990002,42.07,353900,41.516825,67.0802757722,3,2014
2014-08-15,42.419998,42.549999,41.380001,42.43,421600,41.872092,69.6928378969,3,2014
2014-08-18,42.57,43.23,42.419998,43.080002,476300,42.513547,73.7444476393,3,2014
2014-08-19,43.209999,43.380001,43.060001,43.259998,249400,42.691177,74.7510556104,3,2014
2014-08-20,43.299999,43.330002,42.900002,43.299999,335200,42.730652,74.9806209087,3,2014
2014-08-21,43.490002,43.959999,43.32,43.759998,540000,43.184602,77.5126665969,3,2014
2014-08-22,43.759998,43.970001,43.619999,43.700001,304700,43.125394,76.4262543819,3,2014
2014-08-25,43.919998,43.919998,43.529999,43.580002,203500,43.006973,74.1866027938,3,2014
2014-08-26,43.639999,44.0,43.470001,43.509998,353800,42.93789,72.8454827271,3,2014
2014-08-27,43.52,43.799999,43.360001,43.75,224500,43.174735,74.5445136785,3,2014
2014-08-28,43.650002,43.959999,43.52,43.799999,210200,43.224077,74.8969037842,3,2014
2014-08-29,43.889999,43.919998,43.5,43.810001,215100,43.233948,74.9715495806,3,2014
2014-09-02,43.919998,44.240002,43.709999,43.91,356800,43.332631,75.7479614919,3,2014
2014-09-03,44.25,44.369999,43.740002,43.75,713800,43.174735,71.9044560493,3,2014
2014-09-04,43.759998,44.040001,43.23,43.360001,360600,42.789864,63.4528983899,3,2014
2014-09-05,43.419998,43.66,43.049999,43.290001,334600,42.720785,62.0433127424,3,2014
2014-09-08,43.310001,43.73,43.290001,43.580002,420400,43.006973,65.4660697843,3,2014
2014-09-09,43.630001,43.740002,43.080002,43.110001,484800,42.543151,56.5636192486,3,2014
2014-09-10,42.990002,43.41,42.98,43.060001,623200,42.49381,55.6959421373,3,2014
2014-09-11,42.869999,43.5,42.849998,43.450001,324500,42.878681,60.7532209346,3,2014
2014-09-12,43.23,43.880001,43.189999,43.5,490400,43.079717,63.121280146,3,2014
2014-09-15,43.419998,43.880001,43.369999,43.580002,607900,43.158946,64.0421066274,3,2014
2014-09-16,43.57,44.439999,43.330002,44.389999,911300,43.961118,71.7367997811,3,2014
2014-09-17,44.459999,44.459999,43.48,43.869999,579500,43.446141,62.491462269,3,2014
2014-09-18,43.900002,44.27,43.790001,43.919998,398300,43.495657,62.9854269759,3,2014
2014-09-19,44.25,44.389999,43.689999,43.73,455600,43.307495,59.7645052904,3,2014
2014-09-22,43.610001,43.759998,43.310001,43.32,271900,42.901456,53.4165163526,3,2014
2014-09-23,43.150002,43.150002,42.439999,42.470001,241100,42.05967,43.177295687,3,2014
2014-09-24,42.549999,42.939999,42.349998,42.93,419800,42.515225,48.8873890582,3,2014
2014-09-25,42.880001,42.880001,42.07,42.27,392600,41.861601,42.3167780006,3,2014
2014-09-26,42.360001,42.57,41.889999,41.970001,475400,41.564501,39.7045643378,3,2014
2014-09-29,41.669998,42.220001,41.639999,42.110001,289100,41.703147,41.5188326392,3,2014
2014-09-30,42.119999,42.130001,41.43,41.43,444200,41.029717,35.8727015417,3,2014
2014-10-01,41.43,41.709999,41.02,41.279999,526900,40.881165,34.7500825342,4,2014
2014-10-02,41.279999,41.630001,41.130001,41.360001,404500,40.960394,35.9022130946,4,2014
2014-10-03,41.66,42.02,41.619999,41.799999,310700,41.396141,41.9709980107,4,2014
2014-10-06,42.060001,42.25,41.790001,41.889999,310900,41.485272,43.1565435629,4,2014
2014-10-07,41.740002,42.049999,41.509998,41.580002,305700,41.178269,40.1164030698,4,2014
2014-10-08,41.549999,42.049999,41.34,42.0,394700,41.59421,45.6977453544,4,2014
2014-10-09,41.91,41.939999,41.200001,41.23,323600,40.831649,38.5955093821,4,2014
2014-10-10,41.209999,41.57,40.5,41.040001,511700,40.643486,37.0647540907,4,2014
2014-10-13,40.98,41.330002,40.52,40.580002,230900,40.187931,33.5911150662,4,2014
2014-10-14,40.880001,41.099998,40.490002,40.709999,364100,40.316672,35.4327213509,4,2014
2014-10-15,40.040001,41.02,39.580002,40.669998,488400,40.277058,35.110080814,4,2014
2014-10-16,40.139999,40.889999,39.700001,40.709999,449200,40.316672,35.7402226625,4,2014
2014-10-17,40.950001,42.139999,40.950001,41.66,508400,41.257494,48.5251821995,4,2014
2014-10-20,41.59,42.110001,41.220001,42.099998,362900,41.693242,53.172221238,4,2014
2014-10-21,42.380001,42.810001,42.220001,42.799999,332200,42.38648,59.4449697245,4,2014
2014-10-22,42.970001,43.220001,42.630001,42.720001,288400,42.307254,58.4808345437,4,2014
2014-10-23,43.18,43.720001,42.93,43.580002,381200,43.158946,65.0443908662,4,2014
2014-10-24,43.669998,44.0,43.41,43.619999,249800,43.198557,65.3189906879,4,2014
2014-10-27,43.580002,43.93,43.349998,43.619999,256300,43.198557,65.3189906879,4,2014
2014-10-28,43.740002,44.240002,43.650002,44.110001,308400,43.683824,68.8012051412,4,2014
2014-10-29,44.16,44.16,43.509998,43.880001,389700,43.456047,65.4778846926,4,2014
2014-10-30,43.740002,44.619999,43.560001,44.189999,356800,43.763049,67.7397168224,4,2014
2014-10-31,44.669998,44.849998,44.240002,44.48,877200,44.050248,69.7372662276,4,2014
2014-11-03,44.470001,44.75,44.009998,44.16,292400,43.73334,64.9576336521,4,2014
2014-11-04,44.0,44.400002,43.580002,43.790001,530700,43.366916,59.8498981307,4,2014
2014-11-05,42.59,44.77,42.540001,44.48,728600,44.050248,65.325598881,4,2014
2014-11-06,44.669998,44.759998,44.23,44.669998,397800,44.238411,66.673416118,4,2014
2014-11-07,44.650002,44.68,43.889999,44.060001,638900,43.634308,58.7744210231,4,2014
2014-11-10,44.040001,44.5,44.040001,44.400002,407400,43.971023,61.5114938117,4,2014
2014-11-11,44.490002,44.880001,44.34,44.43,479700,44.000732,61.7527784806,4,2014
2014-11-12,44.18,45.349998,44.110001,45.240002,711700,44.802908,67.649906162,4,2014
2014-11-13,45.23,45.599998,44.790001,45.029999,434800,44.594934,64.8578308822,4,2014
2014-11-14,45.0,45.0,44.23,44.759998,462700,44.327542,61.3518340199,4,2014
2014-11-17,44.599998,45.369999,44.48,45.189999,472200,44.753388,64.6309815536,4,2014
2014-11-18,45.150002,45.970001,44.950001,45.919998,667100,45.476334,69.3806756571,4,2014
2014-11-19,45.759998,45.759998,45.43,45.52,589800,45.080201,64.2864092937,4,2014
2014-11-20,45.330002,45.849998,45.119999,45.82,507600,45.377302,66.2858264588,4,2014
2014-11-21,46.23,46.23,45.459999,45.549999,472800,45.10991,62.8741264044,4,2014
2014-11-24,45.73,46.220001,45.73,46.150002,258700,45.704115,66.945603324,4,2014
2014-11-25,46.220001,46.25,45.599998,45.959999,500000,45.515949,64.5321389624,4,2014
2014-11-26,45.950001,46.290001,45.91,46.060001,297600,45.614985,65.2423795524,4,2014
2014-11-28,46.07,46.240002,45.66,45.759998,212500,45.31788,61.2779880149,4,2014
2014-12-01,45.48,45.759998,45.18,45.599998,594900,45.159426,59.2115098853,4,2014
2014-12-02,46.349998,46.490002,45.630001,46.130001,568100,45.684308,63.5914921532,4,2014
2014-12-03,46.09,46.540001,45.68,46.41,384600,45.961602,65.6877622626,4,2014
2014-12-04,46.310001,46.509998,45.540001,45.799999,547400,45.357495,57.8704208275,4,2014
2014-12-05,45.799999,46.580002,45.610001,46.509998,366300,46.060634,63.3391799096,4,2014
2014-12-08,46.439999,47.32,46.220001,46.380001,348200,45.931893,61.7584472958,4,2014
2014-12-09,46.0,46.509998,45.610001,46.5,323300,46.050732,62.6842219216,4,2014
2014-12-10,46.5,46.639999,45.580002,45.84,425300,45.397109,54.8230709698,4,2014
2014-12-11,45.77,46.43,45.77,46.099998,377700,45.807487,58.3544019722,4,2014
2014-12-12,45.720001,45.880001,45.290001,45.349998,257200,45.062246,50.6166860385,4,2014
2014-12-15,45.48,45.740002,44.610001,44.669998,402200,44.38656,44.81451267,4,2014
2014-12-16,44.540001,45.389999,44.279999,44.400002,345600,44.118277,42.7205600623,4,2014
2014-12-17,44.439999,44.900002,44.110001,44.889999,475700,44.605165,47.5136455925,4,2014
2014-12-18,45.290001,45.599998,45.080002,45.59,335800,45.300725,53.4999652627,4,2014
2014-12-19,45.630001,46.0,45.490002,45.68,498900,45.390154,54.2228854778,4,2014
2014-12-22,45.810001,46.080002,45.330002,45.830002,248800,45.539203,55.465590812,4,2014
2014-12-23,46.07,46.07,45.169998,45.630001,259200,45.340472,53.3846608152,4,2014
2014-12-24,45.75,46.369999,45.75,46.040001,91700,45.74787,56.9503342783,4,2014
2014-12-26,46.25,46.41,45.900002,46.060001,104800,45.767744,57.1226368921,4,2014
2014-12-29,46.049999,46.470001,45.98,46.209999,208300,45.91679,58.4652575557,4,2014
2014-12-30,46.130001,46.720001,46.130001,46.389999,218800,46.095648,60.0806621549,4,2014
2014-12-31,46.419998,46.630001,45.549999,45.619999,322500,45.330533,50.9515200426,4,2014
2015-01-02,45.84,46.09,44.950001,45.27,271000,44.982755,47.4241207936,1,2015
2015-01-05,45.290001,46.0,45.169998,45.5,564100,45.211296,49.8797209622,1,2015
2015-01-06,45.700001,45.77,44.689999,45.130001,676600,44.843644,46.1458345036,1,2015
2015-01-07,46.040001,46.59,45.830002,46.080002,607200,45.787617,55.3813447151,1,2015
2015-01-08,46.540001,47.110001,46.540001,46.82,545100,46.52292,60.9928261093,1,2015
2015-01-09,46.82,47.34,46.650002,46.970001,560400,46.671969,62.0351207038,1,2015
2015-01-12,47.18,47.380001,46.700001,47.110001,355500,46.81108,63.0280881201,1,2015
2015-01-13,47.389999,47.709999,46.400002,46.77,336500,46.473238,58.9926757629,1,2015
2015-01-14,46.299999,46.91,45.849998,46.599998,206500,46.304314,57.0266288108,1,2015
2015-01-15,47.5,48.290001,47.0,47.700001,1543000,47.397337,65.1255289907,1,2015
2015-01-16,47.73,48.720001,47.439999,48.419998,488300,48.112766,69.2151709738,1,2015
2015-01-20,48.700001,48.900002,47.52,47.98,393900,47.675559,64.2561323293,1,2015
2015-01-21,47.939999,48.380001,47.639999,47.849998,322200,47.546383,62.8239418318,1,2015
2015-01-22,47.98,49.23,47.740002,49.209999,347100,48.897754,70.2855350259,1,2015
2015-01-23,49.150002,49.330002,48.68,48.709999,325300,48.400927,65.1113692946,1,2015
2015-01-26,48.869999,49.049999,48.32,48.720001,439200,48.410865,65.1666086529,1,2015
2015-01-27,48.279999,49.040001,48.009998,48.75,194300,48.440674,65.3438553075,1,2015
2015-01-28,49.0,49.169998,48.169998,48.27,185600,47.96372,60.0764100319,1,2015
2015-01-29,48.259998,48.610001,47.759998,48.48,245300,48.172387,61.5372335629,1,2015
2015-01-30,48.25,48.580002,47.73,47.759998,308700,47.456954,54.2128617583,1,2015
2015-02-02,47.84,48.220001,46.689999,48.040001,504000,47.73518,56.3868791091,1,2015
2015-02-03,47.650002,48.119999,46.470001,46.939999,931200,46.642157,46.954649205,1,2015
2015-02-04,46.77,46.889999,46.169998,46.34,541100,46.045966,42.7536701127,1,2015
2015-02-05,46.509998,47.099998,46.369999,46.740002,461700,46.443429,46.2089102531,1,2015
2015-02-06,46.91,47.259998,46.470001,46.77,351300,46.473238,46.4698644672,1,2015
2015-02-09,46.59,46.900002,45.830002,45.950001,434700,45.658441,40.6630187621,1,2015
2015-02-10,46.27,46.540001,45.93,46.43,339100,46.135395,44.9958899714,1,2015
2015-02-11,46.310001,47.169998,46.27,46.669998,597200,46.37387,47.0767731251,1,2015
2015-02-12,46.93,47.200001,46.59,46.740002,256200,46.443429,47.6983050927,1,2015
2015-02-13,46.689999,47.029999,46.509998,46.880001,180300,46.58254,48.9885659239,1,2015
2015-02-17,46.689999,47.189999,46.34,46.810001,309200,46.512985,48.3463559276,1,2015
2015-02-18,46.669998,47.23,46.66,47.220001,318800,46.920383,52.2914198775,1,2015
2015-02-19,47.119999,47.25,46.91,47.049999,163000,46.75146,50.5668777905,1,2015
2015-02-20,47.060001,47.799999,46.57,47.799999,290700,47.496701,57.2632221097,1,2015
2015-02-23,47.669998,48.0,47.529999,47.790001,228400,47.486766,57.1520726043,1,2015
2015-02-24,47.73,48.0,47.68,47.790001,231400,47.486766,57.1520726043,1,2015
2015-02-25,47.73,47.869999,47.57,47.790001,301200,47.486766,57.1520726043,1,2015
2015-02-26,47.790001,47.990002,47.369999,47.740002,258000,47.437084,56.4675061556,1,2015
2015-02-27,47.700001,48.23,47.59,47.919998,422200,47.615938,58.3993329706,1,2015
2015-03-02,47.919998,48.470001,47.77,48.310001,248900,48.003467,62.3028281373,1,2015
2015-03-03,48.09,48.09,47.610001,47.869999,288000,47.566256,55.9268704631,1,2015
2015-03-04,47.790001,48.330002,47.490002,48.049999,318900,47.745115,57.8282285241,1,2015
2015-03-05,47.959999,48.369999,47.650002,48.330002,446600,48.023341,60.6705884165,1,2015
2015-03-06,48.16,48.16,47.759998,47.82,287500,47.516574,53.5861551047,1,2015
2015-03-09,47.799999,48.25,47.720001,48.209999,254200,47.904099,57.657855732,1,2015
2015-03-10,47.790001,48.080002,47.450001,47.860001,411800,47.556322,53.1514601991,1,2015
2015-03-11,47.860001,48.119999,47.669998,47.950001,295700,47.645751,54.1439580781,1,2015
2015-03-12,48.040001,48.490002,48.040001,48.450001,287800,48.142578,59.3023502471,1,2015
2015-03-13,48.330002,48.540001,47.860001,48.110001,187800,47.963129,56.8162924696,1,2015
2015-03-16,48.400002,48.849998,48.27,48.389999,226900,48.242273,59.6499985689,1,2015
2015-03-17,48.150002,48.25,47.900002,48.16,242500,48.012976,56.3773861487,1,2015
2015-03-18,47.990002,48.48,47.709999,48.139999,251000,47.993036,56.0891988487,1,2015
2015-03-19,48.07,48.439999,47.970001,48.32,201800,48.172487,58.1619481052,1,2015
2015-03-20,48.529999,48.57,47.869999,48.009998,509900,47.863432,53.4798534395,1,2015
2015-03-23,47.970001,48.310001,47.75,48.189999,249400,48.042883,55.7093562806,1,2015
2015-03-24,48.23,48.650002,47.919998,48.32,339400,48.172487,57.3009858887,1,2015
2015-03-25,48.439999,48.990002,47.720001,47.77,456300,47.624167,49.23903872,1,2015
2015-03-26,47.52,48.07,47.299999,47.790001,399900,47.644106,49.5171863574,1,2015
2015-03-27,47.82,48.700001,47.82,48.630001,259200,48.481542,59.5439717181,1,2015
2015-03-30,48.830002,49.349998,48.830002,48.919998,432000,48.770654,62.3259852879,1,2015
2015-03-31,48.77,49.299999,48.700001,49.0,301100,48.850411,63.080247169,1,2015
2015-04-01,48.919998,48.950001,48.16,48.720001,454400,48.571267,58.6541288754,2,2015
2015-04-02,48.900002,49.470001,48.27,48.73,639300,48.581235,58.7653931916,2,2015
2015-04-06,49.060001,50.07,48.970001,49.630001,1722500,49.478489,67.2965727404,2,2015
2015-04-07,49.689999,50.110001,49.639999,49.66,362000,49.508396,67.5376571993,2,2015
2015-04-08,49.669998,50.369999,49.599998,50.32,395000,50.166381,72.3645751647,2,2015
2015-04-09,50.259998,50.549999,49.82,50.41,224400,50.256107,72.9551322946,2,2015
2015-04-10,50.130001,50.900002,50.110001,50.709999,162900,50.55519,74.8819465737,2,2015
2015-04-13,50.790001,51.169998,50.790001,51.099998,270600,50.943999,77.1600784791,2,2015
2015-04-14,50.889999,51.150002,50.580002,51.119999,419300,50.963938,77.2739117781,2,2015
2015-04-15,51.169998,51.34,50.599998,50.790001,368800,50.634948,70.987263583,2,2015
2015-04-16,50.700001,51.18,50.619999,51.0,317700,50.844306,72.5194219948,2,2015
2015-04-17,50.810001,51.07,50.27,51.040001,328500,50.884184,72.8139251669,2,2015
2015-04-20,51.240002,51.560001,51.09,51.360001,210200,51.203207,75.1118220026,2,2015
2015-04-21,51.619999,51.84,51.150002,51.720001,243900,51.562109,77.4237504228,2,2015
2015-04-22,51.77,52.049999,51.43,52.009998,162900,51.851221,79.1073891886,2,2015
2015-04-23,51.970001,52.110001,51.73,51.91,211600,51.751527,76.9756308859,2,2015
2015-04-24,51.939999,52.009998,51.68,51.939999,148600,51.781435,77.1743533826,2,2015
2015-04-27,51.990002,52.25,50.82,51.23,183200,51.073603,63.2586091313,2,2015
2015-04-28,51.130001,51.23,50.43,51.200001,233000,51.043696,62.7438172162,2,2015
2015-04-29,51.060001,51.27,50.43,50.619999,155200,50.465465,53.6527070278,2,2015
2015-04-30,50.349998,50.779999,49.830002,49.939999,331800,49.78754,45.355354981,2,2015
2015-05-01,50.060001,50.650002,49.630001,49.82,482600,49.667908,44.0604230568,2,2015
2015-05-04,49.799999,50.599998,49.77,50.32,781000,50.166381,50.413197445,2,2015
2015-05-05,55.290001,55.290001,49.41,49.830002,939100,49.677879,45.0176394716,2,2015
2015-05-06,49.889999,50.689999,49.630001,50.240002,591500,50.086627,49.8538347156,2,2015
2015-05-07,50.259998,50.709999,50.099998,50.299999,313400,50.146442,50.5394469556,2,2015
2015-05-08,50.619999,51.02,50.349998,50.52,315300,50.365771,53.0730235727,2,2015
2015-05-11,50.450001,51.200001,50.450001,50.93,326400,50.77452,57.4476772132,2,2015
2015-05-12,50.740002,50.830002,50.110001,50.459999,249500,50.305953,51.5186278313,2,2015
2015-05-13,50.57,50.720001,50.150002,50.509998,130800,50.3558,52.0851729847,2,2015
2015-05-14,50.790001,51.419998,50.400002,51.389999,180900,51.233114,60.773561318,2,2015
2015-05-15,51.459999,51.900002,51.209999,51.830002,336300,51.671774,64.2629229805,2,2015
2015-05-18,51.73,52.119999,51.560001,51.849998,228300,51.691709,64.4178304708,2,2015
2015-05-19,51.939999,52.130001,51.650002,52.119999,216700,51.960885,66.527645724,2,2015
2015-05-20,52.130001,52.169998,51.639999,52.16,208700,52.000764,66.841336414,2,2015
2015-05-21,52.07,52.169998,51.66,51.970001,260700,51.811346,63.7836939046,2,2015
2015-05-22,51.849998,52.09,51.639999,51.669998,88000,51.512258,59.1802701769,2,2015
2015-05-26,51.549999,51.740002,50.869999,51.0,162900,50.844306,50.4270853091,2,2015
2015-05-27,50.98,51.849998,50.98,51.77,222900,51.611955,58.0976846029,2,2015
2015-05-28,51.75,51.869999,51.220001,51.650002,145800,51.492323,56.6271379339,2,2015
2015-05-29,51.549999,51.77,51.189999,51.560001,326300,51.402597,55.4926213337,2,2015
2015-06-01,51.630001,52.0,51.419998,51.650002,233600,51.492323,56.4326308744,2,2015
